id,channel_id,call,author.id,author.username,author.avatar,author.discriminator,author.public_flags,author.flags,author.banner,author.accent_color,author.global_name,author.avatar_decoration_data,author.banner_color,author.clan,content,timestamp,edited_timestamp,tts,mention_everyone,mentions,mention_channels,attachments,embeds,reactions,nonce,pinned,webhook_id,type,activity,application,application_id,message_reference,flags,referenced_message,interaction,thread,components,sticker_items,stickers,position,role_subscription_data,resolved,userName,date
901962347617329223,901960699272654889,,143143448864620554,iceaac,d1c423f4c0d650e9dde90f91c5127e62,0,128,128,,,Isaac,,,,<@&898284620318113882> Congratulations on Final 2! You can post your speeches at any point either before you begin answering questions or after. Your cutoff will be 11 pm EST tonight!,2021-10-24T22:36:21.322000+00:00,,false,false,,,,,,,false,,0,,,,,0,,,,,,,,,,iceaac,2021-10-24T22:36:21.322Z
901962660747300905,901960699272654889,,456226577798135808,Deleted User,,0000,0,0,,,,,,,hey.,2021-10-24T22:37:35.978000+00:00,,false,false,,,,,,,false,,0,,,,,0,,,,,,,,,,Deleted User,2021-10-24T22:37:35.978Z
901962690711420928,901960699272654889,,456226577798135808,Deleted User,,0000,0,0,,,,,,,Hey.,2021-10-24T22:37:43.122000+00:00,,false,false,,,,,,,false,,0,,,,,0,,,,,,,,,,Deleted User,2021-10-24T22:37:43.122Z
901962729538080768,901960699272654889,,456226577798135808,Deleted User,,0000,0,0,,,,,,,oh i thought abdi told us 8,2021-10-24T22:37:52.379000+00:00,,false,false,,,,,,,false,,0,,,,,0,,,,,,,,,,Deleted User,2021-10-24T22:37:52.379Z
901962757224665139,901960699272654889,,143143448864620554,iceaac,d1c423f4c0d650e9dde90f91c5127e62,0,128,128,,,Isaac,,,,<@&898284620318113882> Actually let’s do speeches before you begin answering questions. It’ll make things smoother,2021-10-24T22:37:58.980000+00:00,,false,false,,,,,,,false,,0,,,,,0,,,,,,,,,,iceaac,2021-10-24T22:37:58.980Z
901962848454967326,901960699272654889,,456226577798135808,Deleted User,,0000,0,0,,,,,,,ill have mine done by 8-8:30,2021-10-24T22:38:20.731000+00:00,,false,false,,,,,,,false,,0,,,,,0,,,,,,,,,,Deleted User,2021-10-24T22:38:20.731Z
901962880411369534,901960699272654889,,456226577798135808,Deleted User,,0000,0,0,,,,,,,im eatin cold cheese fries rn😩,2021-10-24T22:38:28.350000+00:00,,false,false,,,,,,,false,,0,,,,,0,,,,,,,,,,Deleted User,2021-10-24T22:38:28.350Z
901962903744299028,901960699272654889,,143143448864620554,iceaac,d1c423f4c0d650e9dde90f91c5127e62,0,128,128,,,Isaac,,,,That works,2021-10-24T22:38:33.913000+00:00,,false,false,,,,,,,false,,0,,,,,0,,,,,,,,,,iceaac,2021-10-24T22:38:33.913Z
901962925403689002,901960699272654889,,456226577798135808,Deleted User,,0000,0,0,,,,,,,<:hantz:871109904126079017>,2021-10-24T22:38:39.077000+00:00,,false,false,,,,,,,false,,0,,,,,0,,,,,,,,,,Deleted User,2021-10-24T22:38:39.077Z
901963054391119902,901960699272654889,,723722636089360507,itsbean.,c660008facac75df336311b12d36e41e,0,0,0,,,bean,,,,Helpppp,2021-10-24T22:39:09.830000+00:00,,false,false,,,,,,,false,,0,,,,,0,,,,,,,,,,itsbean.,2021-10-24T22:39:09.830Z
901980358994702337,901960699272654889,,456226577798135808,Deleted User,,0000,0,0,,,,,,,my speech is rdy but ill wait to post till beans rdu,2021-10-24T23:47:55.569000+00:00,,false,false,,,,,,,false,,0,,,,,0,,,,,,,,,,Deleted User,2021-10-24T23:47:55.569Z
901980369035862057,901960699272654889,,456226577798135808,Deleted User,,0000,0,0,,,,,,,😩,2021-10-24T23:47:57.963000+00:00,,false,false,,,,,,,false,,0,,,,,0,,,,,,,,,,Deleted User,2021-10-24T23:47:57.963Z
901989095075635230,901960699272654889,,456226577798135808,Deleted User,,0000,0,0,,,,,,,https://docs.google.com/document/d/1yZedGPK8lFYkJzgj1XNw-ex3jwMJRwNqDt78kB9b9UM/edit?usp=sharing,2021-10-25T00:22:38.413000+00:00,,false,false,,,,,,,false,,0,,,,,0,,,,,,,,,,Deleted User,2021-10-25T00:22:38.413Z
901989262436761621,901960699272654889,,723722636089360507,itsbean.,c660008facac75df336311b12d36e41e,0,0,0,,,bean,,,,https://docs.google.com/document/d/17PZx3fTYWcmTzlN8Jx2wPu1hMYNz8Sqq1p2xW3CuD6I/edit,2021-10-25T00:23:18.315000+00:00,,false,false,,,,,,,false,,0,,,,,0,,,,,,,,,,itsbean.,2021-10-25T00:23:18.315Z
901989345161007214,901960699272654889,,723722636089360507,itsbean.,c660008facac75df336311b12d36e41e,0,0,0,,,bean,,,,LOL. MY BANNER MADE IT RUN OVER TOO DW it was like 2.5 pages idk,2021-10-25T00:23:38.038000+00:00,,false,false,,,,,,,false,,0,,,,,0,,,,,,,,,,itsbean.,2021-10-25T00:23:38.038Z
901989413318451220,901960699272654889,,456226577798135808,Deleted User,,0000,0,0,,,,,,,NOT THE HANTZ MONTAGE,2021-10-25T00:23:54.288000+00:00,,false,false,,,,,,,false,,0,,,,,0,,,,,,,,,,Deleted User,2021-10-25T00:23:54.288Z
901989422575276054,901960699272654889,,456226577798135808,Deleted User,,0000,0,0,,,,,,,U SHOULD WIN JUST FOR THAT,2021-10-25T00:23:56.495000+00:00,,false,false,,,,,,,false,,0,,,,,0,,,,,,,,,,Deleted User,2021-10-25T00:23:56.495Z
901989447984365569,901960699272654889,,723722636089360507,itsbean.,c660008facac75df336311b12d36e41e,0,0,0,,,bean,,,,Ofc <:russ:892904197735997470>,2021-10-25T00:24:02.553000+00:00,,false,false,,,,,,,false,,0,,,,,0,,,,,,,,,,itsbean.,2021-10-25T00:24:02.553Z
901989518066978897,901960699272654889,,723722636089360507,itsbean.,c660008facac75df336311b12d36e41e,0,0,0,,,bean,,,,But I have to leave by 10 pm est SO PLS FINISH UR QUESTIONS FOR ME BY THEN,2021-10-25T00:24:19.262000+00:00,,false,false,,,,,,,false,,0,,,,,0,,,,,,,,,,itsbean.,2021-10-25T00:24:19.262Z
901994954136621066,901960699272654889,,723722636089360507,itsbean.,c660008facac75df336311b12d36e41e,0,0,0,,,bean,,,,I’m eating dinner rn btw so gimme a bit before I get around to questionssss,2021-10-25T00:45:55.322000+00:00,,false,false,,,,,,,false,,0,,,,,0,,,,,,,,,,itsbean.,2021-10-25T00:45:55.322Z
901996286155321404,901960699272654889,,143143448864620554,iceaac,d1c423f4c0d650e9dde90f91c5127e62,0,128,128,,,Isaac,,,,<@&899314644471132160> Just to reiterate votes are due and will be read at 11pm EST!,2021-10-25T00:51:12.900000+00:00,,false,false,,,,,,,false,,0,,,,,0,,,,,,,,,,iceaac,2021-10-25T00:51:12.900Z